<?xml version="1.0" encoding="UTF-8" standalone="yes"?>
<addon 	id="plugin.video.pinoykoditeamkepweng"
		name="TELEPINOY"
		version="0.0.1"
		provider-name="TeamKempweng">
<requires>
<import addon="xbmc.python" version="2.1.0"/>
	<import addon="script.module.addon.common" />
	<import addon="script.module.requests" />
    <import addon="script.module.urlresolver"  version="3.0.0"/>
</requires>
<extension point="xbmc.python.pluginsource"
			library="default.py">
		<provides>video</provides>
</extension>
<extension point="xbmc.addon.metadata">
<summary lang="en">PINOY TELESERYE</summary>
<description lang="en">WATCH YOUR FAVORITE PINOY TELESERYE ENJOY!!! SPECIAL THANKS TO ACHILLES PROJECT, and FERNAN</description>
<platform>all</platform>
<language>en</language>
<license>GNU PUBLIC LICENSE. version 2, june 1991</license>
</extension>
</addon>